{
  "best_val_r2": 0.8082079207684364,
  "best_params": {
    "iterations": 800,
    "learning_rate": 0.0754059319623865,
    "depth": 5,
    "l2_leaf_reg": 7.307953350268035,
    "od_wait": 70
  }
}